date,sku,quantity
2024-10-15,FB-001,192
2024-10-15,FB-002,768
2024-10-15,FB-006,324
2024-10-16,FB-004,130
2024-10-16,FB-009,312
2024-10-18,FB-007,85
2024-10-18,HC-001,144
2024-10-19,FB-003,264
2024-10-19,FB-005,144
2024-10-19,HC-008,96
2024-10-19,PC-001,132
2024-10-19,PC-002,96
2024-10-19,PC-009,84
2024-10-21,FB-008,108
2024-10-23,HC-002,100
2024-10-23,PC-004,60
2024-10-23,PC-008,48
2024-10-24,HC-006,36
2024-10-24,PC-005,42
2024-10-25,FB-002,768
2024-10-25,HC-004,60
2024-10-25,HC-007,96
2024-10-25,HW-002,60
2024-10-25,HW-010,150
2024-10-25,PC-007,48
2024-10-26,FB-006,324
2024-10-26,HC-005,60
2024-10-26,PC-003,84
2024-10-28,FB-001,192
2024-10-28,FB-009,312
2024-10-28,PC-009,84
2024-10-28,SO-003,50
2024-10-29,FB-007,90
2024-10-29,HC-003,80
2024-10-29,PC-006,30
2024-10-30,PC-001,120
2024-10-31,FB-004,130
2024-10-31,FB-005,156
2024-10-31,FB-008,108
2024-10-31,HC-008,96
2024-10-31,PC-002,96
2024-10-31,SO-004,70
2024-11-01,HC-006,42
2024-11-01,SO-009,30
2024-11-02,FB-003,264
2024-11-02,PC-005,42
2024-11-02,SO-001,200
2024-11-02,SO-007,36
2024-11-03,HC-001,132
2024-11-03,HC-002,100
2024-11-03,HC-004,60
2024-11-03,HC-009,36
2024-11-03,HW-006,36
2024-11-04,SO-008,48
2024-11-05,FB-006,360
2024-11-05,PC-004,60
2024-11-06,PC-003,84
2024-11-07,FB-002,744
2024-11-07,FB-007,90
2024-11-07,SO-002,70
2024-11-07,SO-005,42
2024-11-08,FB-004,130
2024-11-10,FB-001,204
2024-11-10,FB-009,300
2024-11-10,HC-005,60
2024-11-10,HC-007,96
2024-11-10,HW-001,40
2024-11-10,HW-010,150
2024-11-10,PC-008,48
2024-11-10,PC-009,84
2024-11-10,SO-006,40
2024-11-12,FB-008,108
2024-11-12,HC-008,96
2024-11-12,HW-003,20
2024-11-12,PC-001,132
2024-11-13,HW-002,60
2024-11-13,PC-007,48
2024-11-14,FB-005,156
2024-11-14,HC-002,100
2024-11-14,HW-005,24
2024-11-15,PC-005,48
2024-11-16,FB-003,264
2024-11-16,HC-001,144
2024-11-16,SO-003,55
2024-11-17,HC-004,72
2024-11-17,PC-002,96
2024-11-18,FB-002,768
2024-11-18,HC-003,80
2024-11-18,HC-009,30
2024-11-18,PC-008,42
2024-11-19,FB-007,90
2024-11-19,HC-006,42
2024-11-20,FB-001,216
2024-11-20,FB-006,312
2024-11-20,PC-004,60
2024-11-21,FB-004,150
2024-11-21,FB-008,108
2024-11-21,HW-004,20
2024-11-21,SO-001,200
2024-11-21,SO-009,30
2024-11-22,FB-009,312
2024-11-22,HC-008,96
2024-11-22,PC-001,120
2024-11-22,SO-004,70
2024-11-23,HW-007,20
2024-11-24,HC-007,96
2024-11-24,PC-009,84
2024-11-24,SO-008,48
2024-11-25,FB-005,156
2024-11-25,HW-002,60
2024-11-25,PC-003,84
2024-11-25,PC-006,30
2024-11-26,FB-002,744
2024-11-26,HC-001,144
2024-11-27,HC-002,100
2024-11-27,HC-005,60
2024-11-27,HW-010,150
2024-11-28,HW-003,30
2024-11-28,PC-007,48
2024-11-29,PC-002,96
2024-11-29,PC-005,42
2024-11-29,SO-005,42
2024-11-30,FB-006,324
2024-11-30,SO-006,40
2024-11-30,SO-007,36
2024-12-01,HC-006,42
2024-12-01,PC-008,48
2024-12-02,FB-001,204
2024-12-02,FB-003,264
2024-12-02,FB-004,140
2024-12-02,FB-007,85
2024-12-02,FB-008,108
2024-12-02,HC-004,72
2024-12-02,HC-009,30
2024-12-02,HW-001,40
2024-12-03,HC-003,80
2024-12-03,HC-008,96
2024-12-03,PC-004,60
2024-12-04,FB-009,300
2024-12-04,SO-002,70
2024-12-05,PC-001,132
2024-12-05,PC-009,84
2024-12-06,FB-005,156
2024-12-06,SO-003,50
2024-12-07,FB-006,324
2024-12-07,PC-003,84
2024-12-08,FB-002,768
2024-12-08,HC-001,132
2024-12-08,HC-007,96
2024-12-08,HW-005,24
2024-12-09,HC-002,100
2024-12-09,PC-007,48
2024-12-10,FB-008,120
2024-12-10,HC-005,60
2024-12-10,SO-001,200
2024-12-11,HW-002,60
2024-12-11,PC-005,42
2024-12-11,PC-006,30
2024-12-12,FB-001,204
2024-12-12,FB-007,85
2024-12-12,HW-006,36
2024-12-12,HW-010,150
2024-12-12,SO-009,30
2024-12-13,FB-003,264
2024-12-14,FB-004,130
2024-12-14,HC-008,96
2024-12-14,PC-002,96
2024-12-14,SO-008,48
2024-12-15,FB-009,312
2024-12-15,HC-009,36
2024-12-15,HW-008,24
2024-12-15,PC-004,60
2024-12-15,SO-004,70
2024-12-16,HC-001,132
2024-12-16,PC-001,132
2024-12-16,PC-009,96
2024-12-17,HC-004,60
2024-12-17,HC-006,42
2024-12-17,PC-008,48
2024-12-18,FB-002,864
2024-12-18,FB-005,156
2024-12-18,FB-006,324
2024-12-18,HC-002,90
2024-12-19,PC-003,84
2024-12-19,SO-005,42
2024-12-20,FB-001,204
2024-12-20,HC-007,96
2024-12-21,FB-004,130
2024-12-21,FB-008,120
2024-12-21,HW-004,20
2024-12-21,PC-006,30
2024-12-22,FB-007,90
2024-12-22,HW-003,20
2024-12-22,PC-005,48
2024-12-23,HC-003,80
2024-12-23,HC-005,60
2024-12-23,HW-001,40
2024-12-24,HC-008,96
2024-12-25,FB-009,312
2024-12-25,PC-001,132
2024-12-25,PC-002,96
2024-12-25,PC-007,48
2024-12-26,FB-005,168
2024-12-26,FB-006,312
2024-12-26,PC-004,60
2024-12-26,SO-003,50
2024-12-27,FB-003,264
2024-12-27,HC-001,144
2024-12-27,HW-002,60
2024-12-27,PC-009,96
2024-12-28,HC-009,36
2024-12-29,FB-002,792
2024-12-29,HW-010,150
2024-12-30,FB-001,204
2024-12-30,FB-007,85
2024-12-30,FB-008,108
2024-12-30,HC-004,72
2024-12-30,HC-006,42
2024-12-30,PC-005,42
2024-12-30,PC-008,48
2024-12-30,SO-002,70
2024-12-31,FB-004,140
2024-12-31,HC-002,100
2024-12-31,HC-007,96
2025-01-01,SO-001,200
2025-01-01,SO-006,40
2025-01-02,PC-003,84
2025-01-02,SO-007,36
2025-01-02,SO-008,48
2025-01-03,FB-005,156
2025-01-03,HC-003,80
2025-01-03,HW-003,20
2025-01-04,FB-009,336
2025-01-04,PC-006,30
2025-01-05,SO-009,30
2025-01-06,FB-003,240
2025-01-06,PC-002,96
2025-01-07,FB-002,744
2025-01-07,HC-008,96
2025-01-07,PC-004,60
2025-01-07,PC-007,48
2025-01-07,SO-004,70
2025-01-08,FB-006,324
2025-01-08,PC-001,120
2025-01-08,PC-009,84
2025-01-09,FB-007,85
2025-01-09,FB-008,108
2025-01-10,FB-001,192
2025-01-10,FB-004,130
2025-01-10,HC-005,60
2025-01-10,HW-006,36
2025-01-11,HC-002,100
2025-01-11,HC-009,36
2025-01-11,HW-001,40
2025-01-12,HC-001,132
2025-01-12,PC-005,48
2025-01-12,SO-005,42
2025-01-13,HW-002,80
2025-01-15,FB-009,324
2025-01-15,HC-004,60
2025-01-16,HW-010,150
2025-01-17,FB-003,264
2025-01-17,HC-006,42
2025-01-17,HW-005,24
2025-01-17,SO-003,50
2025-01-18,FB-006,324
2025-01-18,PC-003,84
2025-01-19,FB-002,792
2025-01-19,PC-001,132
2025-01-19,PC-002,96
2025-01-20,FB-001,204
2025-01-20,FB-007,85
2025-01-20,FB-008,108
2025-01-20,HC-007,96
2025-01-20,HC-008,96
2025-01-20,PC-006,30
2025-01-20,PC-009,84
2025-01-21,FB-005,156
2025-01-21,PC-004,60
2025-01-21,SO-006,40
2025-01-22,SO-001,200
2025-01-23,HC-003,80
2025-01-23,PC-008,54
2025-01-23,SO-004,80
2025-01-23,SO-007,36
2025-01-23,SO-008,48
2025-01-24,HC-001,132
2025-01-24,PC-007,48
2025-01-25,FB-004,130
2025-01-25,HC-004,72
2025-01-25,HW-007,20
2025-01-26,HC-002,100
2025-01-26,HC-005,60
2025-01-26,SO-002,70
2025-01-26,SO-009,30
2025-01-27,HC-009,30
2025-01-27,HW-004,16
2025-01-27,HW-010,150
2025-01-28,FB-003,264
2025-01-28,FB-009,324
2025-01-28,HC-006,36
2025-01-28,HW-001,40
2025-01-28,HW-002,60
2025-01-29,PC-003,84
2025-01-29,PC-005,48
2025-01-30,SO-003,50
2025-01-31,FB-002,768
2025-01-31,FB-006,324
2025-01-31,PC-002,96
2025-01-31,PC-009,96
2025-01-31,SO-005,42
2025-02-01,FB-005,156
2025-02-01,HW-003,20
2025-02-01,PC-001,120
2025-02-01,SO-001,180
2025-02-02,FB-008,108
2025-02-02,HC-001,144
2025-02-02,HC-003,80
2025-02-02,HC-008,96
2025-02-03,FB-001,198
2025-02-03,FB-007,90
2025-02-03,PC-004,60
2025-02-03,PC-006,30
2025-02-03,PC-008,48
2025-02-04,HC-002,90
2025-02-05,HC-006,42
2025-02-05,SO-004,70
2025-02-05,SO-006,40
2025-02-05,SO-008,60
2025-02-06,HC-007,96
2025-02-06,HW-008,24
2025-02-07,FB-009,300
2025-02-07,HC-009,36
2025-02-07,PC-007,48
2025-02-07,SO-009,30
2025-02-08,FB-003,264
2025-02-08,FB-004,140
2025-02-08,HC-004,72
2025-02-09,PC-005,48
2025-02-10,HW-006,36
2025-02-10,PC-001,120
2025-02-10,SO-002,70
2025-02-10,SO-005,42
2025-02-11,FB-008,108
2025-02-11,HW-002,60
2025-02-11,PC-009,84
2025-02-12,FB-006,348
2025-02-12,HC-005,60
2025-02-12,HC-008,96
2025-02-12,HW-001,40
2025-02-12,PC-003,84
2025-02-12,SO-003,50
2025-02-13,FB-001,204
2025-02-13,HW-005,24
2025-02-13,HW-010,150
2025-02-13,PC-002,96
2025-02-14,FB-002,768
2025-02-14,FB-005,156
2025-02-14,SO-001,200
2025-02-15,HC-001,132
2025-02-15,PC-006,30
2025-02-16,FB-007,90
2025-02-16,HC-002,100
2025-02-16,HC-006,42
2025-02-16,HW-004,20
2025-02-17,SO-007,36
2025-02-18,FB-004,130
2025-02-18,HC-004,60
2025-02-18,HW-003,20
2025-02-19,SO-006,40
2025-02-20,FB-009,300
2025-02-20,HC-007,96
2025-02-20,HC-009,30
2025-02-20,PC-004,60
2025-02-20,PC-007,48
2025-02-20,PC-008,48
2025-02-21,HC-003,80
2025-02-21,PC-005,42
2025-02-21,PC-009,84
2025-02-21,SO-004,70
2025-02-22,HW-002,60
2025-02-23,FB-008,108
2025-02-23,PC-002,96
2025-02-24,FB-003,264
2025-02-24,FB-006,336
2025-02-25,HW-001,40
2025-02-25,PC-001,132
2025-02-25,SO-008,48
2025-02-26,FB-001,204
2025-02-26,FB-005,156
2025-02-26,HC-005,60
2025-02-26,HC-008,96
2025-02-26,SO-005,42
2025-02-26,SO-009,30
2025-02-27,FB-002,768
2025-02-27,HW-010,150
2025-02-28,PC-003,84
2025-03-01,FB-007,85
2025-03-01,HC-002,100
2025-03-01,PC-007,48
2025-03-01,PC-009,84
2025-03-02,HC-001,132
2025-03-02,HC-006,36
2025-03-03,HC-007,96
2025-03-03,HW-002,60
2025-03-03,HW-007,20
2025-03-03,PC-006,30
2025-03-03,PC-008,48
2025-03-03,SO-003,50
2025-03-04,FB-009,312
2025-03-04,PC-005,42
2025-03-05,FB-004,130
2025-03-05,FB-006,324
2025-03-05,HC-004,72
2025-03-05,PC-004,60
2025-03-05,SO-001,180
2025-03-05,SO-002,60
2025-03-06,HC-009,36
2025-03-06,SO-004,70
2025-03-07,FB-008,108
2025-03-07,HW-003,30
2025-03-08,HC-003,80
2025-03-08,HW-010,150
2025-03-10,FB-005,144
2025-03-10,HC-008,96
2025-03-10,PC-001,132
2025-03-10,PC-002,96
2025-03-11,FB-003,264
2025-03-11,HC-002,90
2025-03-11,HW-002,60
2025-03-11,SO-007,36
2025-03-12,HW-001,40
2025-03-12,HW-005,24
2025-03-13,FB-001,204
2025-03-13,FB-002,744
2025-03-13,FB-007,90
2025-03-13,HC-001,132
2025-03-13,HC-005,60
2025-03-13,HC-006,36
2025-03-13,HW-004,16
2025-03-13,SO-006,40
2025-03-15,HW-006,36
2025-03-15,PC-008,48
2025-03-16,HC-007,120
2025-03-16,PC-009,96
2025-03-17,PC-005,48
2025-03-17,PC-007,48
2025-03-18,FB-006,360
2025-03-18,SO-005,42
2025-03-18,SO-009,30
2025-03-19,FB-008,108
2025-03-19,FB-009,300
2025-03-19,HW-010,150
2025-03-19,PC-004,60
2025-03-19,PC-006,30
2025-03-19,SO-002,60
2025-03-19,SO-008,60
2025-03-20,HC-009,30
2025-03-20,HW-002,60
2025-03-21,FB-004,130
2025-03-21,HC-004,72
2025-03-21,PC-003,84
2025-03-22,FB-003,264
2025-03-22,HC-001,156
2025-03-22,HC-002,90
2025-03-22,HC-008,96
2025-03-22,PC-001,120
2025-03-22,PC-002,96
2025-03-22,SO-001,200
2025-03-24,FB-001,204
2025-03-24,FB-005,156
2025-03-24,FB-007,85
2025-03-24,HC-003,80
2025-03-24,HC-005,60
2025-03-24,HW-001,40
2025-03-24,HW-004,20
2025-03-24,HW-008,24
2025-03-24,SO-004,70
2025-03-25,FB-002,744
2025-03-26,PC-008,48
2025-03-27,SO-003,50
2025-03-28,FB-009,300
2025-03-28,HW-002,60
2025-03-28,HW-007,20
2025-03-29,HW-003,30
2025-03-30,HC-006,36
2025-03-30,PC-007,48
2025-03-31,FB-006,324
2025-03-31,HW-010,150
2025-03-31,PC-004,60
2025-03-31,PC-005,42
2025-04-01,FB-008,108
2025-04-01,HC-002,90
2025-04-01,PC-003,84
2025-04-01,SO-006,40
2025-04-02,HC-008,96
2025-04-02,HW-001,40
2025-04-02,PC-001,120
2025-04-02,PC-009,96
2025-04-02,SO-005,42
2025-04-02,SO-008,48
2025-04-03,HC-007,96
2025-04-03,HC-009,36
2025-04-04,FB-004,130
2025-04-04,FB-007,90
2025-04-04,HW-005,24
2025-04-04,PC-006,30
2025-04-04,SO-009,30
2025-04-05,FB-002,792
2025-04-05,FB-003,264
2025-04-05,SO-007,36
2025-04-06,FB-005,156
2025-04-06,HC-001,144
2025-04-06,PC-002,96
2025-04-07,FB-001,198
2025-04-07,FB-009,300
2025-04-07,HC-004,60
2025-04-07,HW-006,36
2025-04-07,SO-004,70
2025-04-09,SO-002,70
2025-04-10,PC-007,48
2025-04-11,HC-008,96
2025-04-11,HW-002,60
2025-04-11,HW-003,20
2025-04-11,SO-001,200
2025-04-12,HC-003,80
2025-04-12,HC-005,60
2025-04-12,PC-001,120
2025-04-13,FB-006,324
2025-04-13,FB-008,108
2025-04-13,HC-002,100
2025-04-13,HC-006,42
2025-04-13,PC-009,96
2025-04-14,PC-004,60
2025-04-15,HC-004,60
2025-04-15,HW-010,150
2025-04-15,PC-005,48
2025-04-15,PC-008,48
2025-04-15,SO-008,48
2025-04-16,FB-002,768
2025-04-16,SO-003,50
2025-04-17,FB-004,130
2025-04-17,FB-007,85
2025-04-17,HC-001,132
2025-04-17,HC-007,96
2025-04-17,HC-009,30
2025-04-17,PC-006,30
2025-04-19,FB-003,264
2025-04-19,FB-005,156
2025-04-19,HW-001,40
2025-04-19,HW-005,24
2025-04-19,PC-003,84
2025-04-19,SO-006,40
2025-04-20,FB-001,210
2025-04-21,FB-009,312
2025-04-21,HC-008,96
2025-04-21,HW-004,16
2025-04-21,PC-002,108
2025-04-21,SO-005,48
2025-04-22,FB-008,120
2025-04-22,HW-002,60
2025-04-23,FB-006,312
2025-04-23,PC-001,120
2025-04-23,PC-005,42
2025-04-23,PC-008,42
2025-04-24,HW-008,24
2025-04-24,SO-009,30
2025-04-25,HC-002,100
2025-04-25,HW-007,20
2025-04-25,PC-007,48
2025-04-26,HC-006,36
2025-04-26,SO-004,70
2025-04-27,FB-002,792
2025-04-27,HW-010,150
2025-04-28,HC-001,132
2025-04-28,HC-005,60
2025-04-28,HW-006,36
2025-04-28,PC-004,60
2025-04-28,PC-009,84
2025-04-28,SO-002,60
2025-04-28,SO-008,60
2025-04-29,FB-007,90
2025-04-29,HC-004,72
2025-04-29,HC-007,96
2025-04-29,HW-001,40
2025-04-29,SO-003,50
2025-04-30,FB-003,264
2025-04-30,FB-005,156
2025-04-30,HC-003,80
2025-04-30,HW-003,30
2025-04-30,PC-003,84
2025-05-01,FB-004,130
2025-05-01,FB-009,300
2025-05-01,SO-007,36
2025-05-02,HW-004,16
2025-05-02,SO-001,200
2025-05-03,HW-002,80
2025-05-04,HC-008,96
2025-05-04,PC-001,132
2025-05-05,FB-001,192
2025-05-05,FB-006,312
2025-05-05,PC-002,108
2025-05-06,FB-002,792
2025-05-06,FB-008,108
2025-05-06,HW-010,150
2025-05-06,PC-006,30
2025-05-06,PC-007,48
2025-05-06,PC-008,48
2025-05-06,SO-005,42
2025-05-07,SO-006,40
2025-05-08,HC-002,110
2025-05-08,PC-005,48
2025-05-08,PC-009,96
2025-05-09,HC-001,144
2025-05-09,HC-009,30
2025-05-10,FB-003,264
2025-05-10,HC-006,42
2025-05-10,SO-003,50
2025-05-11,FB-007,85
2025-05-11,HC-003,80
2025-05-11,PC-004,60
2025-05-12,FB-009,312
2025-05-12,HW-005,24
2025-05-12,SO-002,60
2025-05-13,HC-004,72
2025-05-13,SO-008,60
2025-05-14,FB-004,130
2025-05-14,PC-006,30
2025-05-14,SO-001,200
2025-05-14,SO-004,70
2025-05-14,SO-007,36
2025-05-15,FB-005,156
2025-05-15,HC-005,60
2025-05-15,HC-008,96
2025-05-15,HW-001,40
2025-05-15,HW-002,60
2025-05-15,PC-003,84
2025-05-15,PC-008,48
2025-05-15,SO-006,40
2025-05-16,FB-006,324
2025-05-16,FB-008,108
2025-05-16,PC-001,132
2025-05-16,SO-009,30
2025-05-17,HW-004,16
2025-05-17,SO-005,42
2025-05-18,FB-001,204
2025-05-18,FB-002,744
2025-05-18,HC-001,144
2025-05-19,HC-007,96
2025-05-19,HW-007,20
2025-05-19,HW-010,150
2025-05-19,SO-003,50
2025-05-20,HC-002,100
2025-05-20,PC-005,48
2025-05-20,PC-007,48
2025-05-21,FB-003,240
2025-05-21,HW-006,36
2025-05-21,SO-002,70
2025-05-22,FB-007,85
2025-05-22,PC-002,96
2025-05-22,SO-004,70
2025-05-22,SO-008,60
2025-05-22,SO-009,30
2025-05-23,HC-006,42
2025-05-23,PC-009,84
2025-05-24,HW-002,60
2025-05-25,HC-009,30
2025-05-25,PC-004,72
2025-05-25,SO-001,200
2025-05-26,HW-008,24
2025-05-26,PC-003,84
2025-05-26,SO-003,50
2025-05-27,FB-006,324
2025-05-27,FB-008,108
2025-05-27,FB-009,300
2025-05-27,HW-003,20
2025-05-27,SO-005,48
2025-05-28,FB-004,140
2025-05-28,FB-005,156
2025-05-28,HC-005,60
2025-05-28,HW-010,150
2025-05-28,PC-001,120
2025-05-28,SO-007,36
2025-05-29,HC-004,72
2025-05-29,HC-008,96
2025-05-29,SO-006,40
2025-05-30,FB-007,85
2025-05-30,HC-003,80
2025-05-30,PC-006,30
2025-05-30,SO-002,70
2025-05-30,SO-008,48
2025-05-31,FB-001,210
2025-05-31,HC-001,132
2025-05-31,HC-002,90
2025-05-31,HW-001,40
2025-05-31,PC-002,96
2025-05-31,PC-008,48
2025-05-31,PC-009,84
2025-05-31,SO-003,50
2025-06-01,PC-005,48
2025-06-01,SO-004,70
2025-06-02,FB-002,768
2025-06-02,HC-006,36
2025-06-02,HC-007,96
2025-06-02,PC-007,48
2025-06-03,SO-001,200
2025-06-03,SO-007,36
2025-06-04,FB-003,264
2025-06-04,HC-009,30
2025-06-05,HW-002,60
2025-06-05,SO-006,40
2025-06-05,SO-009,30
2025-06-06,FB-006,336
2025-06-06,FB-008,108
2025-06-06,HW-004,20
2025-06-06,SO-005,48
2025-06-07,FB-009,312
2025-06-07,HC-008,96
2025-06-07,SO-003,50
2025-06-07,SO-004,70
2025-06-08,HC-004,60
2025-06-08,HW-003,20
2025-06-08,HW-006,36
2025-06-08,PC-001,132
2025-06-09,FB-005,156
2025-06-09,HW-001,40
2025-06-09,SO-002,70
2025-06-09,SO-008,60
2025-06-10,PC-003,84
2025-06-10,PC-004,60
2025-06-11,FB-004,130
2025-06-11,HC-003,80
2025-06-11,PC-008,48
2025-06-12,FB-001,198
2025-06-12,FB-002,744
2025-06-12,HC-005,60
2025-06-12,HW-005,24
2025-06-12,PC-009,84
2025-06-12,SO-001,220
2025-06-12,SO-009,30
2025-06-13,HC-002,100
2025-06-13,PC-002,96
2025-06-13,SO-005,48
2025-06-14,HC-006,36
2025-06-14,PC-005,42
2025-06-14,PC-006,30
2025-06-14,PC-007,48
2025-06-15,FB-007,90
2025-06-15,HC-001,144
2025-06-15,SO-003,50
2025-06-15,SO-006,40
2025-06-15,SO-008,60
2025-06-16,HC-007,120
2025-06-16,HW-002,60
2025-06-16,HW-010,150
2025-06-17,FB-003,264
2025-06-17,HC-009,30
2025-06-17,HW-003,20
2025-06-17,PC-001,120
2025-06-18,FB-006,324
2025-06-18,HC-008,96
2025-06-18,SO-002,70
2025-06-18,SO-004,70
2025-06-18,SO-007,36
2025-06-20,FB-001,198
2025-06-20,FB-008,108
2025-06-20,SO-001,200
2025-06-21,FB-002,768
2025-06-21,FB-005,156
2025-06-21,PC-004,60
2025-06-22,FB-009,300
2025-06-22,HC-004,60
2025-06-22,SO-003,50
2025-06-22,SO-006,40
2025-06-23,FB-004,130
2025-06-23,PC-002,96
2025-06-23,SO-005,42
2025-06-24,HC-001,132
2025-06-24,HC-002,90
2025-06-24,HW-004,20
2025-06-24,PC-003,84
2025-06-25,PC-009,84
2025-06-25,SO-007,36
2025-06-25,SO-009,30
2025-06-26,HC-003,80
2025-06-26,PC-007,48
2025-06-26,SO-004,80
2025-06-27,PC-005,42
2025-06-27,PC-008,48
2025-06-27,SO-009,30
2025-06-28,FB-007,90
2025-06-28,HW-001,40
2025-06-28,HW-008,24
2025-06-28,SO-008,60
2025-06-29,HC-005,60
2025-06-29,HW-007,20
2025-06-29,SO-002,70
2025-06-29,SO-003,50
2025-06-30,HC-006,42
2025-07-01,FB-003,264
2025-07-01,HC-004,60
2025-07-01,HC-007,96
2025-07-01,HC-008,96
2025-07-01,HW-002,60
2025-07-01,HW-010,150
2025-07-01,PC-006,30
2025-07-02,FB-009,324
2025-07-02,HC-002,90
2025-07-02,PC-001,120
2025-07-02,PC-002,96
2025-07-02,SO-001,200
2025-07-03,FB-001,198
2025-07-03,FB-006,324
2025-07-03,FB-008,108
2025-07-03,HC-009,36
2025-07-03,PC-009,84
2025-07-03,SO-005,48
2025-07-03,SO-008,48
2025-07-04,FB-002,792
2025-07-04,SO-006,40
2025-07-05,FB-005,168
2025-07-06,HW-006,36
2025-07-07,FB-004,140
2025-07-07,HC-003,80
2025-07-07,PC-003,84
2025-07-07,PC-005,48
2025-07-07,SO-002,70
2025-07-07,SO-004,70
2025-07-08,HC-001,144
2025-07-08,HC-005,60
2025-07-08,SO-003,50
2025-07-09,FB-007,85
2025-07-09,HC-006,36
2025-07-09,PC-004,60
2025-07-09,PC-008,48
2025-07-09,SO-001,200
2025-07-09,SO-007,36
2025-07-10,HC-007,96
2025-07-10,HW-005,24
2025-07-10,PC-006,30
2025-07-10,SO-006,40
2025-07-11,FB-006,312
2025-07-11,HW-003,30
2025-07-11,PC-001,132
2025-07-12,HW-002,60
2025-07-13,FB-003,264
2025-07-13,HC-008,96
2025-07-13,PC-007,48
2025-07-14,HC-004,60
2025-07-14,SO-009,30
2025-07-15,FB-002,768
2025-07-15,FB-009,300
2025-07-15,HW-010,150
2025-07-15,SO-005,42
2025-07-16,PC-002,96
2025-07-16,SO-004,70
2025-07-17,FB-001,192
2025-07-17,HC-001,144
2025-07-17,HC-002,100
2025-07-17,HC-009,30
2025-07-17,HW-001,40
2025-07-17,PC-009,84
2025-07-17,SO-007,36
2025-07-17,SO-008,60
2025-07-18,FB-004,130
2025-07-18,FB-005,156
2025-07-18,FB-007,90
2025-07-18,FB-008,108
2025-07-19,PC-008,42
2025-07-19,SO-003,50
2025-07-20,HC-006,36
2025-07-20,PC-005,48
2025-07-21,HC-003,80
2025-07-21,PC-001,120
2025-07-21,PC-004,60
2025-07-21,SO-002,70
2025-07-22,HC-007,96
2025-07-22,PC-007,48
2025-07-23,HC-008,96
2025-07-23,PC-003,84
2025-07-23,SO-005,42
2025-07-24,SO-001,200
2025-07-24,SO-006,40
2025-07-24,SO-009,30
2025-07-25,FB-002,768
2025-07-25,FB-006,312
2025-07-25,FB-009,312
2025-07-26,HC-001,132
2025-07-26,HC-004,60
2025-07-26,SO-003,50
2025-07-27,FB-003,264
2025-07-27,FB-008,108
2025-07-27,HW-004,16
2025-07-27,PC-002,96
2025-07-28,HC-002,100
2025-07-28,HC-006,42
2025-07-28,PC-006,30
2025-07-29,FB-001,192
2025-07-29,PC-009,96
2025-07-30,FB-004,130
2025-07-30,FB-005,144
2025-07-30,HC-005,72
2025-07-30,PC-001,120
2025-07-30,PC-005,42
2025-07-30,SO-004,70
2025-07-30,SO-008,48
2025-07-31,FB-007,85
2025-07-31,HW-002,60
2025-08-02,HC-008,96
2025-08-02,PC-008,48
2025-08-03,PC-003,84
2025-08-03,PC-004,60
2025-08-03,SO-002,70
2025-08-03,SO-005,48
2025-08-04,HW-005,24
2025-08-04,SO-001,180
2025-08-05,HC-003,80
2025-08-05,HC-004,60
2025-08-05,HC-009,36
2025-08-05,SO-007,36
2025-08-06,FB-002,768
2025-08-06,FB-006,324
2025-08-06,FB-009,312
2025-08-06,HW-010,150
2025-08-06,PC-007,48
2025-08-07,FB-007,85
2025-08-07,HW-007,20
2025-08-08,FB-001,198
2025-08-08,HC-002,90
2025-08-08,HC-007,96
2025-08-08,SO-003,50
2025-08-08,SO-006,40
2025-08-09,FB-005,156
2025-08-09,FB-008,108
2025-08-09,HW-001,40
2025-08-10,HC-001,132
2025-08-11,FB-004,130
2025-08-11,PC-009,96
2025-08-11,SO-004,70
2025-08-11,SO-009,30
2025-08-12,FB-003,264
2025-08-12,HC-005,60
2025-08-12,PC-004,60
2025-08-13,HC-008,96
2025-08-13,HW-003,20
2025-08-13,PC-001,132
2025-08-13,PC-005,48
2025-08-13,PC-006,30
2025-08-13,PC-008,48
2025-08-14,HC-004,60
2025-08-14,HC-006,36
2025-08-14,SO-008,48
2025-08-15,PC-002,96
2025-08-15,PC-007,48
2025-08-17,FB-009,300
2025-08-17,HC-002,100
2025-08-17,HC-003,80
2025-08-17,HW-002,60
2025-08-17,HW-006,36
2025-08-17,SO-001,200
2025-08-19,FB-006,312
2025-08-19,HW-010,150
2025-08-19,SO-007,36
2025-08-20,FB-001,210
2025-08-20,FB-005,156
2025-08-20,FB-007,85
2025-08-20,HC-007,96
2025-08-20,HC-009,36
2025-08-21,FB-002,744
2025-08-21,FB-008,108
2025-08-21,HC-001,144
2025-08-21,HW-004,16
2025-08-21,PC-001,120
2025-08-21,PC-003,84
2025-08-22,FB-003,264
2025-08-22,HC-005,60
2025-08-22,SO-005,42
2025-08-22,SO-006,40
2025-08-23,PC-002,96
2025-08-23,PC-009,96
2025-08-23,SO-002,70
2025-08-23,SO-003,50
2025-08-24,HC-006,36
2025-08-24,PC-008,42
2025-08-25,FB-004,130
2025-08-25,PC-005,48
2025-08-26,HC-004,60
2025-08-26,HC-008,96
2025-08-26,PC-004,60
2025-08-27,FB-006,336
2025-08-27,FB-009,324
2025-08-28,PC-006,30
2025-08-28,SO-004,70
2025-08-28,SO-008,48
2025-08-28,SO-009,30
2025-08-29,HC-006,42
2025-08-30,FB-001,192
2025-08-30,HC-002,100
2025-08-30,PC-007,48
2025-08-30,PC-008,48
2025-08-31,FB-008,108
2025-08-31,HC-003,80
2025-08-31,HW-001,40
2025-09-01,FB-005,156
2025-09-01,HW-003,20
2025-09-01,HW-005,24
2025-09-02,FB-007,85
2025-09-02,HC-007,96
2025-09-02,HC-009,36
2025-09-03,FB-002,792
2025-09-03,HC-001,132
2025-09-04,FB-003,264
2025-09-04,HW-008,24
2025-09-04,PC-001,132
2025-09-04,PC-003,84
2025-09-04,PC-009,84
2025-09-05,FB-004,140
2025-09-05,HC-005,60
2025-09-05,HW-002,60
2025-09-05,HW-004,16
2025-09-05,HW-010,150
2025-09-06,HC-008,96
2025-09-06,PC-002,96
2025-09-06,SO-001,200
2025-09-08,FB-006,324
2025-09-08,PC-006,30
2025-09-09,FB-009,312
2025-09-09,HW-007,20
2025-09-09,PC-005,48
2025-09-09,SO-003,50
2025-09-10,FB-007,85
2025-09-10,HC-002,90
2025-09-10,SO-005,42
2025-09-11,PC-007,48
2025-09-11,SO-006,40
2025-09-12,FB-005,156
2025-09-12,HC-001,132
2025-09-12,HC-004,72
2025-09-12,PC-004,60
2025-09-12,SO-008,60
2025-09-13,FB-002,744
2025-09-13,FB-008,108
2025-09-13,HC-003,80
2025-09-13,HC-006,42
2025-09-13,PC-008,42
2025-09-14,HC-008,96
2025-09-14,SO-002,60
2025-09-15,FB-001,192
2025-09-15,HC-007,96
2025-09-15,HW-001,40
2025-09-15,SO-004,70
2025-09-16,FB-004,130
2025-09-16,PC-001,120
2025-09-16,PC-009,96
2025-09-17,FB-003,240
2025-09-17,PC-002,96
2025-09-18,FB-009,336
2025-09-18,HC-009,30
2025-09-18,HW-003,20
2025-09-18,PC-005,42
2025-09-19,FB-006,324
2025-09-19,HC-005,60
2025-09-19,PC-006,30
2025-09-19,SO-001,180
2025-09-19,SO-009,30
2025-09-20,HW-004,16
2025-09-20,PC-003,84
2025-09-21,HW-002,60
2025-09-21,PC-008,42
2025-09-22,FB-007,90
2025-09-22,HW-006,36
2025-09-23,FB-005,144
2025-09-23,PC-007,48
2025-09-24,FB-002,792
2025-09-24,FB-008,120
2025-09-25,FB-001,192
2025-09-25,HC-001,132
2025-09-25,HC-002,100
2025-09-25,HC-004,72
2025-09-26,HC-008,96
2025-09-26,HW-010,150
2025-09-26,PC-001,120
2025-09-26,PC-009,84
2025-09-26,SO-007,36
2025-09-27,HC-003,80
2025-09-27,PC-002,96
2025-09-27,PC-004,60
2025-09-29,HC-006,42
2025-09-29,HW-005,24
2025-09-29,SO-003,50
2025-10-01,FB-003,264
2025-10-01,FB-009,312
2025-10-01,PC-003,84
2025-10-01,PC-005,42
2025-10-01,SO-005,42
2025-10-02,FB-004,130
2025-10-02,FB-007,85
2025-10-03,FB-006,312
2025-10-04,FB-001,204
2025-10-04,HC-002,100
2025-10-04,SO-002,70
2025-10-04,SO-006,40
2025-10-05,FB-005,156
2025-10-05,HC-001,144
2025-10-05,HC-007,96
2025-10-05,HC-009,30
2025-10-05,SO-004,70
2025-10-06,FB-002,816
2025-10-06,FB-008,108
2025-10-06,HW-003,20
2025-10-06,SO-001,200
2025-10-06,SO-008,48
2025-10-06,SO-009,30
2025-10-07,HC-003,80
2025-10-07,HW-001,40
2025-10-07,PC-008,48
2025-10-08,HC-004,60
2025-10-08,HC-008,96
2025-10-08,HW-002,80
2025-10-08,PC-001,132
2025-10-08,PC-007,48
2025-10-09,HC-005,60
2025-10-10,HC-006,36
2025-10-10,PC-004,60
2025-10-10,PC-005,48
2025-10-10,PC-009,84
2025-10-11,PC-002,96
2025-10-11,PC-006,30
2025-10-12,FB-007,85
2025-10-12,FB-009,312
2025-10-13,FB-003,264
2025-10-13,FB-004,130
2025-10-13,HW-004,20
2025-10-14,SO-003,50
2025-10-15,FB-006,324
2025-10-16,HW-010,150
2025-10-17,FB-001,192
2025-10-17,FB-008,108
2025-10-17,SO-007,36
2025-10-18,FB-002,768
2025-10-18,FB-005,156
2025-10-18,HC-002,100
2025-10-18,HC-009,30
2025-10-19,HC-001,132
2025-10-19,PC-003,84
2025-10-19,SO-006,40
2025-10-20,FB-004,140
2025-10-20,HC-007,96
2025-10-21,HC-003,80
2025-10-21,PC-008,42
2025-10-21,SO-008,48
2025-10-22,FB-003,264
2025-10-22,HC-004,60
2025-10-22,HC-005,60
2025-10-22,PC-001,132
2025-10-22,PC-005,48
2025-10-23,HW-006,36
2025-10-23,PC-004,60
2025-10-23,PC-009,96
2025-10-23,SO-001,200
2025-10-24,FB-007,90
2025-10-24,PC-007,48
2025-10-25,FB-006,324
2025-10-25,FB-008,108
2025-10-25,FB-009,324
2025-10-25,HC-008,96
2025-10-25,PC-006,30
2025-10-26,HC-006,36
2025-10-28,FB-001,198
2025-10-28,FB-005,156
2025-10-28,SO-005,42
2025-10-29,FB-002,768
2025-10-29,HW-003,20
2025-10-29,SO-009,30
2025-10-30,HW-002,60
2025-10-30,PC-002,96
2025-10-30,SO-004,70
2025-11-01,HC-001,144
2025-11-01,HW-001,40
2025-11-02,FB-004,140
2025-11-02,HC-002,90
2025-11-02,HW-005,24
2025-11-02,PC-001,132
2025-11-02,PC-004,60
2025-11-02,PC-005,42
2025-11-02,SO-006,40
2025-11-03,HC-003,80
2025-11-03,SO-002,70
2025-11-04,FB-003,264
2025-11-04,FB-007,85
2025-11-04,PC-008,48
2025-11-05,FB-001,216
2025-11-05,FB-008,108
2025-11-05,HW-010,150
2025-11-05,PC-009,84
2025-11-05,SO-003,50
2025-11-06,FB-002,744
2025-11-06,FB-009,324
2025-11-06,HC-005,60
2025-11-06,HC-007,96
2025-11-06,HC-008,96
2025-11-07,FB-005,144
2025-11-07,FB-006,336
2025-11-07,HC-004,72
2025-11-07,HC-009,36
2025-11-07,PC-003,84
2025-11-08,PC-007,48
2025-11-08,SO-008,48
2025-11-09,HW-007,20
2025-11-10,PC-002,96
2025-11-10,PC-006,30
2025-11-11,HC-002,100
2025-11-12,FB-004,140
2025-11-12,HC-001,132
2025-11-12,HC-006,42
2025-11-13,HW-002,60
2025-11-14,SO-009,30
2025-11-15,FB-007,85
2025-11-15,PC-001,120
2025-11-15,PC-009,96
2025-11-15,SO-001,180
2025-11-16,FB-008,108
2025-11-16,FB-009,300
2025-11-16,HC-003,80
2025-11-16,PC-005,42
2025-11-17,FB-001,204
2025-11-17,FB-003,264
2025-11-17,FB-005,156
2025-11-17,PC-008,42
2025-11-19,FB-002,768
2025-11-19,FB-006,336
2025-11-19,HC-008,96
2025-11-19,HC-009,30
2025-11-19,PC-004,60
2025-11-19,PC-007,48
2025-11-20,HC-007,96
2025-11-20,HW-010,150
2025-11-20,PC-003,84
2025-11-20,SO-007,36
2025-11-21,HC-002,100
2025-11-21,HC-004,60
2025-11-21,HW-008,24
2025-11-21,SO-003,50
2025-11-22,PC-002,108
2025-11-22,PC-008,48
2025-11-22,SO-004,70
2025-11-23,HC-001,132
2025-11-23,SO-005,42
2025-11-24,FB-009,324
2025-11-24,HC-006,36
2025-11-24,HW-001,40
2025-11-24,SO-006,40
2025-11-25,FB-007,90
2025-11-25,FB-010,84
2025-11-25,HC-005,60
2025-11-25,HW-002,60
2025-11-25,HW-005,24
2025-11-25,PC-001,132
2025-11-25,SO-008,48
2025-11-26,FB-004,130
2025-11-26,FB-008,108
2025-11-26,HW-003,20
2025-11-27,FB-001,204
2025-11-27,HW-004,16
2025-11-27,PC-006,30
2025-11-27,PC-009,84
2025-11-28,FB-005,144
2025-11-28,HC-008,96
2025-11-28,PC-005,48
2025-11-29,FB-002,744
2025-11-29,FB-006,324
2025-11-29,HC-003,80
2025-11-30,FB-003,264
2025-11-30,HC-009,30
2025-12-01,HC-007,96
2025-12-01,PC-007,48
2025-12-02,HC-004,60
2025-12-03,FB-009,300
2025-12-03,HC-002,100
2025-12-03,PC-002,96
2025-12-03,PC-003,84
2025-12-03,PC-004,60
2025-12-03,SO-001,200
2025-12-04,FB-010,78
2025-12-05,HW-010,150
2025-12-06,FB-001,210
2025-12-06,FB-004,150
2025-12-06,FB-007,95
2025-12-06,FB-008,108
2025-12-06,HC-001,144
2025-12-06,HW-006,36
2025-12-06,PC-001,120
2025-12-06,SO-002,70
2025-12-07,PC-008,42
2025-12-07,PC-009,84
2025-12-08,FB-005,156
2025-12-08,FB-006,324
2025-12-08,HW-001,40
2025-12-08,SO-004,70
2025-12-09,FB-002,792
2025-12-09,HC-002,90
2025-12-10,HC-005,60
2025-12-10,HW-002,60
2025-12-10,PC-005,48
2025-12-11,FB-003,264
2025-12-11,FB-009,312
2025-12-11,HC-008,96
2025-12-12,HC-006,42
2025-12-12,SO-006,40
2025-12-13,HC-003,80
2025-12-13,SO-003,50
2025-12-13,SO-008,60
2025-12-14,PC-002,96
2025-12-14,PC-003,84
2025-12-14,PC-007,48
2025-12-15,FB-001,204
2025-12-15,FB-010,84
2025-12-15,HC-004,72
2025-12-15,HC-007,96
2025-12-15,HC-009,30
2025-12-15,PC-006,30
2025-12-15,PC-008,42
2025-12-16,HC-001,132
2025-12-16,PC-004,60
2025-12-16,PC-009,84
2025-12-17,FB-004,130
2025-12-17,FB-008,108
2025-12-17,PC-001,120
2025-12-17,SO-009,30
2025-12-18,FB-005,144
2025-12-18,FB-006,312
2025-12-18,FB-007,85
2025-12-19,FB-002,840
2025-12-19,HW-003,20
2025-12-20,FB-009,336
2025-12-20,HC-002,90
2025-12-20,HC-005,60
2025-12-20,HW-004,16
2025-12-20,HW-010,150
2025-12-20,SO-001,180
2025-12-21,HC-008,96
2025-12-21,PC-005,42
2025-12-22,FB-001,204
2025-12-22,HC-006,36
2025-12-22,HW-008,24
2025-12-23,FB-003,264
2025-12-23,HW-002,60
2025-12-23,SO-005,42
2025-12-24,HC-004,60
2025-12-24,PC-003,84
2025-12-25,HC-009,36
2025-12-25,PC-002,108
2025-12-25,PC-007,48
2025-12-25,PC-008,48
2025-12-25,PC-009,96
2025-12-26,FB-004,130
2025-12-26,FB-008,108
2025-12-26,HC-001,144
2025-12-26,SO-007,36
2025-12-27,FB-005,168
2025-12-27,FB-007,95
2025-12-27,FB-010,84
2025-12-27,HC-007,96
2025-12-27,HW-001,40
2025-12-27,HW-005,24
2025-12-28,FB-002,792
2025-12-28,FB-006,312
2025-12-28,PC-001,120
2025-12-28,PC-006,30
2025-12-29,HC-003,80
2025-12-30,FB-001,192
2025-12-30,FB-009,324
2025-12-30,HC-002,100
2025-12-30,SO-002,60
2025-12-30,SO-004,70
2025-12-31,PC-005,42
2025-12-31,SO-003,50
2026-01-01,HC-005,60
2026-01-01,HC-006,42
2026-01-01,HC-008,96
2026-01-03,FB-004,140
2026-01-03,FB-007,95
2026-01-03,HW-002,80
2026-01-03,PC-004,60
2026-01-03,SO-008,48
2026-01-04,FB-003,264
2026-01-05,FB-002,792
2026-01-05,FB-005,156
2026-01-05,FB-006,336
2026-01-05,HC-009,30
2026-01-05,HW-009,15
2026-01-05,PC-007,48
2026-01-06,FB-001,204
2026-01-06,FB-008,108
2026-01-06,HW-007,20
2026-01-06,HW-010,150
2026-01-06,PC-002,96
2026-01-06,PC-009,84
2026-01-07,FB-010,90
2026-01-07,HC-003,80
2026-01-07,PC-008,48
2026-01-08,HC-004,72
2026-01-08,PC-003,84
2026-01-09,HC-001,144
2026-01-09,HC-007,120
2026-01-09,PC-006,30
2026-01-10,FB-009,300
2026-01-10,PC-001,132
2026-01-11,PC-005,48
2026-01-11,SO-001,180
2026-01-12,HC-002,110
2026-01-12,SO-009,30
2026-01-13,HW-003,30
2026-01-14,HC-008,96
2026-01-15,FB-005,156
2026-01-15,FB-007,85
2026-01-15,SO-005,42
2026-01-16,FB-003,240
2026-01-16,HC-005,60
2026-01-16,PC-002,96
2026-01-16,PC-004,72
2026-01-16,PC-007,48
2026-01-16,SO-006,40
2026-01-17,FB-001,198
2026-01-17,FB-002,768
2026-01-17,FB-004,130
2026-01-17,FB-006,324
2026-01-17,HW-001,40
2026-01-17,SO-002,70
2026-01-18,HC-009,30
2026-01-18,SO-003,50
2026-01-19,FB-009,324
2026-01-19,PC-008,48
2026-01-19,PC-009,96
2026-01-19,SO-004,70
2026-01-20,FB-008,108
2026-01-20,FB-010,78
2026-01-20,HC-006,42
2026-01-20,HW-002,80
2026-01-20,SO-008,60
2026-01-21,HW-010,150
2026-01-21,PC-001,132
2026-01-22,HC-001,144
2026-01-22,HW-004,20
2026-01-22,PC-005,48
2026-01-22,PC-006,30
2026-01-24,FB-007,90
2026-01-24,HC-004,60
2026-01-24,HC-008,96
2026-01-24,PC-003,84
2026-01-24,SO-007,36
2026-01-25,HC-002,100
2026-01-25,HC-003,80
2026-01-25,SO-001,180
2026-01-26,FB-003,264
2026-01-26,HC-007,96
2026-01-26,HW-005,24
2026-01-27,FB-002,744
2026-01-27,FB-004,130
2026-01-27,FB-005,156
2026-01-27,HW-006,36
2026-01-27,SO-005,42
2026-01-28,SO-003,50
2026-01-29,PC-002,96
2026-01-29,SO-004,70
2026-01-29,SO-009,30
2026-01-30,FB-001,216
2026-01-30,FB-010,78
2026-01-30,HC-005,60
2026-01-30,PC-008,42
2026-01-30,PC-009,84
2026-01-31,FB-006,348
2026-01-31,FB-009,312
2026-01-31,PC-007,48
2026-02-01,FB-008,120
2026-02-01,HC-008,96
2026-02-01,HC-009,30
2026-02-01,HW-002,80
2026-02-01,PC-004,60
2026-02-01,PC-005,48
2026-02-01,SO-002,70
2026-02-02,HC-001,144
2026-02-02,HC-006,36
2026-02-02,SO-008,48
2026-02-03,SO-006,40
2026-02-04,PC-001,120
2026-02-04,PC-003,84
2026-02-05,FB-005,156
2026-02-05,FB-007,85
2026-02-05,HW-010,150
2026-02-06,FB-003,288
2026-02-06,HC-002,100
2026-02-06,SO-001,200
2026-02-07,SO-003,50
2026-02-08,FB-004,130
2026-02-08,HC-007,96
2026-02-08,HW-001,40
2026-02-08,HW-007,20
2026-02-08,SO-005,42
2026-02-08,SO-007,36
2026-02-09,HC-004,60
2026-02-09,HW-004,16
2026-02-09,HW-008,24
2026-02-09,HW-009,15
2026-02-09,PC-006,30
2026-02-10,FB-006,312
2026-02-11,FB-002,744
2026-02-11,HC-001,132
2026-02-11,HC-003,80
2026-02-11,HC-005,60
2026-02-11,HC-009,30
2026-02-11,PC-002,96
2026-02-11,PC-007,48
2026-02-11,PC-008,48
2026-02-11,SO-009,30
2026-02-12,FB-001,204
2026-02-12,FB-008,108
2026-02-12,FB-010,78
2026-02-12,HW-002,60
2026-02-12,HW-003,20
2026-02-12,PC-004,60
2026-02-12,PC-010,30
2026-02-12,SO-004,70
2026-02-13,FB-009,300
2026-02-13,SO-002,70
2026-02-13,SO-008,60
2026-02-14,HC-008,96
2026-02-14,HW-005,24
2026-02-16,HC-002,100
2026-02-16,HC-006,36
2026-02-16,PC-001,120
2026-02-16,PC-009,84
2026-02-17,PC-005,48
2026-02-18,HW-006,36
2026-02-18,HW-010,150
2026-02-18,SO-006,40
2026-02-19,FB-004,130
2026-02-19,FB-005,144
2026-02-20,FB-007,85
2026-02-20,PC-006,30
2026-02-20,PC-008,42
2026-02-21,HC-004,72
2026-02-22,HW-001,40
2026-02-22,HW-002,60
2026-02-22,PC-002,96
2026-02-22,SO-001,180
2026-02-22,SO-003,50
2026-02-23,FB-002,768
2026-02-23,FB-003,264
2026-02-23,PC-003,84
2026-02-24,FB-001,192
2026-02-24,FB-009,300
2026-02-24,HC-008,96
2026-02-24,HW-009,20
2026-02-25,FB-008,108
2026-02-25,HC-001,144
2026-02-25,HC-005,60
2026-02-25,HW-003,20
2026-02-25,PC-009,84
2026-02-25,SO-009,30
2026-02-26,FB-006,324
2026-02-26,FB-010,84
2026-02-26,HC-002,90
2026-02-26,HC-003,80
2026-02-26,HC-007,96
2026-02-27,PC-001,120
2026-02-28,HC-009,30
2026-02-28,PC-007,48
2026-03-01,FB-004,130
2026-03-01,FB-005,156
2026-03-01,HC-006,36
2026-03-01,HC-010,192
2026-03-01,PC-004,60
2026-03-01,PC-010,30
2026-03-01,SO-005,42
2026-03-01,SO-007,36
2026-03-01,SO-008,48
2026-03-02,HW-010,150
2026-03-02,PC-005,48
2026-03-02,SO-004,70
2026-03-03,FB-007,90
2026-03-03,HW-004,16
2026-03-03,PC-008,42
2026-03-04,FB-002,792
2026-03-05,FB-009,312
2026-03-05,HW-002,60
2026-03-05,PC-002,96
2026-03-06,HW-003,20
2026-03-07,PC-009,84
2026-03-08,FB-001,192
2026-03-08,FB-003,240
2026-03-08,FB-008,108
2026-03-08,FB-010,84
2026-03-08,HC-002,100
2026-03-08,HC-004,72
2026-03-08,HW-005,24
2026-03-09,HC-001,144
2026-03-09,HC-003,80
2026-03-09,HW-006,36
2026-03-09,PC-006,30
2026-03-09,SO-001,180
2026-03-10,FB-006,312
2026-03-10,HC-005,60
2026-03-10,HC-008,108
2026-03-10,PC-003,84
2026-03-11,HW-001,40
2026-03-11,PC-004,60
2026-03-11,SO-003,50
2026-03-12,HC-007,96
2026-03-12,HW-002,60
2026-03-12,SO-002,60
2026-03-13,FB-005,156
2026-03-13,HC-009,30
2026-03-13,PC-001,120
2026-03-14,PC-005,48
2026-03-15,FB-004,130
2026-03-15,SO-006,40
2026-03-15,SO-008,48
2026-03-16,FB-007,90
2026-03-16,HW-008,24
2026-03-16,HW-010,150
2026-03-16,PC-002,108
2026-03-16,PC-007,48
2026-03-16,PC-008,42
2026-03-17,FB-002,816
2026-03-17,FB-009,312
2026-03-17,PC-009,84
2026-03-17,SO-010,16
2026-03-18,FB-001,198
2026-03-18,HC-002,100
2026-03-18,HC-004,60
2026-03-18,HC-010,192
2026-03-19,HC-006,36
2026-03-19,SO-005,42
2026-03-20,FB-003,264
2026-03-20,HW-001,40
2026-03-20,HW-004,16
2026-03-20,PC-010,24
2026-03-20,SO-009,30
2026-03-21,FB-006,312
2026-03-21,FB-008,108
2026-03-21,HC-001,132
2026-03-21,HC-008,96
2026-03-22,FB-010,78
2026-03-22,HC-003,80
2026-03-22,HW-006,36
2026-03-22,PC-001,132
2026-03-23,HW-005,24
2026-03-23,PC-005,42
2026-03-24,HW-002,60
2026-03-24,HW-009,20
2026-03-24,SO-007,36
2026-03-25,SO-001,200
2026-03-26,FB-004,140
2026-03-26,FB-005,156
2026-03-26,HW-003,20
2026-03-26,PC-003,84
2026-03-26,PC-006,30
2026-03-26,SO-004,70
2026-03-27,HC-004,72
2026-03-27,HC-005,72
2026-03-27,HC-006,36
2026-03-27,HC-009,30
2026-03-27,HW-007,20
2026-03-27,SO-003,50
2026-03-28,FB-007,95
2026-03-28,HC-001,132
2026-03-28,PC-002,108
2026-03-28,SO-008,48
2026-03-29,FB-002,768
2026-03-29,FB-009,300
2026-03-29,HC-002,100
2026-03-29,HW-004,20
2026-03-29,HW-010,200
2026-03-29,PC-008,48
2026-03-30,HC-010,192
2026-03-30,PC-007,48
2026-03-30,PC-009,84
2026-03-31,PC-004,72
2026-03-31,SO-002,60
2026-04-01,FB-003,264
2026-04-01,HC-007,96
2026-04-02,FB-001,198
2026-04-02,PC-001,120
2026-04-03,FB-006,324
2026-04-03,FB-010,78
2026-04-03,HC-003,80
2026-04-03,PC-005,48
2026-04-03,PC-010,24
2026-04-03,SO-009,30
2026-04-04,HC-008,96
2026-04-04,HW-002,60
2026-04-04,HW-005,24
2026-04-05,SO-006,40
2026-04-06,FB-007,85
2026-04-07,FB-005,156
2026-04-07,FB-009,300
2026-04-07,HC-001,144
2026-04-08,FB-008,108
2026-04-08,HC-009,30
2026-04-08,PC-003,84
2026-04-09,FB-004,130
2026-04-09,PC-006,30
2026-04-09,PC-009,84
2026-04-10,HW-001,40
2026-04-10,PC-002,96
2026-04-10,PC-008,48
2026-04-10,SO-001,180
2026-04-11,FB-001,192
2026-04-11,HC-002,100
2026-04-11,HC-006,42
2026-04-11,HC-010,192
2026-04-11,HW-010,150
2026-04-11,PC-005,42
2026-04-12,FB-002,792
2026-04-12,HC-005,60
2026-04-12,HW-002,80
2026-04-12,HW-004,16
2026-04-12,SO-004,70
2026-04-12,SO-005,42
2026-04-12,SO-008,48
2026-04-13,FB-006,312
2026-04-13,HW-003,20
2026-04-13,HW-008,24
2026-04-14,HC-008,96
2026-04-15,FB-003,264
2026-04-15,HC-003,80
2026-04-15,HC-004,72
2026-04-15,HC-007,96
2026-04-15,PC-001,120
2026-04-15,PC-007,48
2026-04-15,SO-007,36
2026-04-16,HW-006,36
2026-04-17,FB-010,78
2026-04-17,SO-002,70
2026-04-18,HW-009,20
2026-04-18,PC-010,24
2026-04-18,SO-003,50
2026-04-19,FB-008,108
2026-04-19,HW-001,40
2026-04-19,SO-010,16
2026-04-20,FB-007,95
2026-04-20,PC-004,60
2026-04-20,PC-009,96
2026-04-21,FB-002,768
2026-04-21,FB-009,324
2026-04-21,HC-001,144
2026-04-21,HC-006,36
2026-04-21,HC-009,30
2026-04-21,PC-002,96
2026-04-21,PC-003,84
2026-04-21,PC-005,54
2026-04-21,SO-001,180
2026-04-21,SO-009,30
2026-04-22,FB-004,130
2026-04-22,FB-005,156
2026-04-22,HC-005,60
2026-04-22,HC-010,192
2026-04-22,HW-005,24
2026-04-22,PC-008,48
2026-04-23,FB-001,192
2026-04-23,HC-002,100
2026-04-23,HW-002,60
2026-04-23,HW-010,200
2026-04-23,SO-006,40
2026-04-24,HW-007,20
2026-04-25,FB-003,264
2026-04-25,HC-008,96
2026-04-25,PC-007,48
2026-04-26,HW-004,16
2026-04-26,PC-001,132
2026-04-26,PC-006,30
2026-04-26,SO-008,48
2026-04-27,FB-008,108
2026-04-28,FB-006,312
2026-04-28,FB-010,78
2026-04-28,HC-004,60
2026-04-28,HC-007,96
2026-04-29,HW-003,30
2026-04-29,SO-004,70
2026-04-30,HC-003,80
2026-04-30,HC-006,36
2026-04-30,PC-002,96
2026-05-01,FB-001,192
2026-05-01,HC-002,90
2026-05-01,PC-005,48
2026-05-01,SO-005,48
2026-05-01,SO-007,36
2026-05-02,FB-007,90
2026-05-02,HC-001,144
2026-05-02,PC-008,48
2026-05-03,HC-009,30
2026-05-03,PC-003,84
2026-05-03,PC-009,84
2026-05-03,PC-010,24
2026-05-04,FB-002,744
2026-05-04,FB-004,130
2026-05-04,FB-005,156
2026-05-04,FB-009,312
2026-05-04,HW-002,60
2026-05-04,HW-006,36
2026-05-04,PC-004,60
2026-05-04,SO-002,60
2026-05-04,SO-003,50
2026-05-06,HC-004,60
2026-05-06,HW-005,24
2026-05-06,SO-006,40
2026-05-07,HW-001,40
2026-05-07,SO-008,48
2026-05-07,SO-010,17
2026-05-08,HC-005,60
2026-05-08,HC-010,192
2026-05-08,HW-010,150
2026-05-08,PC-001,132
2026-05-08,SO-001,180
2026-05-08,SO-009,30
2026-05-09,FB-010,78
2026-05-09,PC-007,48
2026-05-10,FB-006,336
2026-05-10,HC-003,80
2026-05-10,HC-008,96
2026-05-11,FB-003,264
2026-05-11,HC-006,36
2026-05-11,PC-006,30
2026-05-11,SO-004,70
2026-05-12,HW-008,24
2026-05-12,PC-002,96
2026-05-13,FB-001,204
2026-05-13,FB-008,108
2026-05-13,HC-001,144
2026-05-13,PC-009,84
2026-05-14,FB-009,300
2026-05-14,HC-007,96
2026-05-14,HW-002,60
2026-05-14,SO-002,60
2026-05-15,FB-004,130
2026-05-15,HW-004,16
2026-05-15,SO-003,50
2026-05-15,SO-006,40
2026-05-16,FB-005,156
2026-05-16,FB-007,85
2026-05-16,PC-003,84
2026-05-16,SO-009,30
2026-05-17,FB-010,78
2026-05-17,HC-002,100
2026-05-17,HW-003,30
2026-05-17,PC-008,48
2026-05-17,SO-001,200
2026-05-18,PC-001,120
2026-05-18,PC-004,60
2026-05-18,SO-007,36
2026-05-18,SO-008,60
2026-05-19,HW-009,15
2026-05-19,PC-005,48
2026-05-19,SO-005,42
2026-05-20,FB-002,768
2026-05-20,HW-010,150
2026-05-21,FB-006,324
2026-05-21,HC-001,132
2026-05-21,HC-005,60
2026-05-21,HC-008,96
2026-05-21,HC-009,30
2026-05-21,HW-001,40
2026-05-21,HW-002,60
2026-05-21,HW-006,36
2026-05-22,HC-004,72
2026-05-22,HC-006,36
2026-05-22,PC-002,96
2026-05-22,PC-007,48
2026-05-22,SO-003,50
2026-05-23,FB-005,156
2026-05-23,HC-010,216
2026-05-23,PC-006,30
2026-05-23,PC-009,96
2026-05-23,SO-004,70
2026-05-23,SO-006,40
2026-05-24,FB-003,264
2026-05-24,PC-010,24
2026-05-25,FB-007,85
2026-05-25,HC-002,90
2026-05-25,HW-004,20
2026-05-25,SO-008,48
2026-05-25,SO-010,16
2026-05-26,FB-001,204
2026-05-26,FB-010,78
2026-05-26,HW-007,20
2026-05-26,PC-005,42
2026-05-26,SO-009,30
2026-05-27,FB-004,130
2026-05-27,FB-009,312
2026-05-27,SO-001,200
2026-05-28,HC-003,80
2026-05-28,HW-005,24
2026-05-28,SO-002,70
2026-05-28,SO-005,54
2026-05-29,FB-008,108
2026-05-29,HC-007,96
2026-05-29,SO-007,36
2026-05-30,PC-001,120
2026-05-30,SO-003,50
2026-05-30,SO-004,70
2026-05-31,FB-006,324
2026-05-31,HC-009,30
2026-05-31,HW-001,40
2026-05-31,HW-003,20
2026-05-31,PC-004,60
2026-06-01,FB-002,768
2026-06-01,HW-002,60
2026-06-02,HC-005,60
2026-06-02,PC-002,108
2026-06-02,PC-007,48
2026-06-03,HC-006,42
2026-06-03,HC-008,96
2026-06-03,PC-003,84
2026-06-03,PC-008,48
2026-06-03,SO-001,220
2026-06-03,SO-006,40
2026-06-04,FB-005,144
2026-06-04,HW-010,150
2026-06-04,PC-010,24
2026-06-04,SO-002,60
2026-06-05,FB-004,130
2026-06-05,FB-007,90
2026-06-05,HC-010,192
2026-06-05,HW-006,36
2026-06-05,SO-003,50
2026-06-05,SO-008,48
2026-06-05,SO-009,30
2026-06-06,FB-001,204
2026-06-06,FB-003,240
2026-06-06,FB-010,78
2026-06-06,PC-009,84
2026-06-06,SO-007,36
2026-06-07,HC-001,144
2026-06-07,HC-002,100
2026-06-07,HC-004,60
2026-06-07,PC-001,132
2026-06-07,SO-010,16
2026-06-08,FB-008,120
2026-06-08,FB-009,300
2026-06-08,HW-004,20
2026-06-08,PC-005,42
2026-06-08,SO-008,60
2026-06-10,HW-002,60
2026-06-10,SO-005,42
2026-06-11,FB-002,768
2026-06-11,FB-006,312
2026-06-11,HC-003,80
2026-06-11,PC-006,30
2026-06-11,SO-004,70
2026-06-12,HC-007,96
2026-06-12,PC-004,60
2026-06-12,PC-008,48
2026-06-12,SO-006,40
2026-06-13,PC-002,96
2026-06-13,SO-009,30
2026-06-14,HC-008,96
2026-06-14,HC-009,36
2026-06-14,HW-001,40
2026-06-14,SO-001,180
2026-06-14,SO-003,50
2026-06-14,SO-004,70
2026-06-15,FB-005,156
2026-06-15,HW-003,20
2026-06-15,HW-008,24
2026-06-16,FB-001,198
2026-06-16,FB-003,264
2026-06-16,HC-002,90
2026-06-16,HC-004,72
2026-06-16,HC-005,60
2026-06-16,PC-007,48
2026-06-16,SO-005,48
2026-06-16,SO-010,16
2026-06-17,FB-009,312
2026-06-17,HC-006,36
2026-06-17,HC-010,192
2026-06-17,HW-004,16
2026-06-17,HW-010,200
2026-06-17,PC-003,84
2026-06-17,PC-009,84
2026-06-17,SO-002,70
2026-06-18,FB-004,140
2026-06-18,HW-005,24
2026-06-18,SO-003,50
2026-06-18,SO-007,36
2026-06-19,HC-001,144
2026-06-19,PC-005,48
2026-06-20,FB-007,90
2026-06-21,FB-008,108
2026-06-21,FB-010,84
2026-06-21,HW-002,60
2026-06-21,HW-009,15
2026-06-21,PC-001,132
2026-06-21,SO-006,50
2026-06-22,FB-002,744
2026-06-22,HC-003,80
2026-06-22,PC-004,60
2026-06-22,SO-008,60
2026-06-22,SO-009,30
2026-06-23,HW-007,20
2026-06-23,PC-006,30
2026-06-23,SO-001,220
2026-06-24,FB-006,312
2026-06-24,PC-002,96
2026-06-24,PC-010,24
2026-06-24,SO-002,70
2026-06-25,HC-006,36
2026-06-25,HC-008,96
2026-06-25,PC-008,48
2026-06-25,SO-007,36
2026-06-25,SO-010,17
2026-06-26,HC-002,100
2026-06-26,HW-003,20
2026-06-26,HW-004,16
2026-06-26,PC-005,42
2026-06-26,PC-009,84
2026-06-27,FB-005,144
2026-06-27,HC-007,96
2026-06-27,HC-009,30
2026-06-27,SO-003,55
2026-06-28,SO-008,60
2026-06-29,FB-001,192
2026-06-29,FB-003,264
2026-06-29,FB-004,130
2026-06-29,HC-005,72
2026-06-30,HC-001,144
2026-06-30,HC-004,72
2026-06-30,HC-010,192
2026-06-30,PC-003,84
2026-06-30,SO-004,80
2026-06-30,SO-005,48
2026-07-01,FB-007,85
2026-07-01,FB-009,312
2026-07-01,FB-010,78
2026-07-01,HW-006,36
2026-07-01,PC-010,24
2026-07-01,SO-006,40
2026-07-02,HW-002,60
2026-07-02,SO-001,200
2026-07-03,HW-001,40
2026-07-03,PC-001,132
2026-07-03,PC-007,48
2026-07-03,SO-004,70
2026-07-03,SO-010,16
2026-07-04,HC-003,80
2026-07-04,HC-008,96
2026-07-04,SO-009,40
2026-07-05,FB-008,120
2026-07-05,SO-005,48
2026-07-06,FB-002,816
2026-07-06,HW-010,150
2026-07-06,PC-002,96
2026-07-06,SO-002,70
2026-07-07,PC-004,60
2026-07-07,PC-008,42
2026-07-07,SO-007,36
2026-07-08,HC-006,42
2026-07-08,PC-006,30
2026-07-08,SO-003,55
2026-07-09,FB-006,324
2026-07-09,HC-007,96
2026-07-09,SO-009,30
2026-07-10,FB-001,216
2026-07-10,FB-005,144
2026-07-10,HW-009,20
2026-07-10,PC-009,96
2026-07-11,FB-003,264
2026-07-11,FB-009,312
2026-07-11,HC-002,100
2026-07-11,SO-006,40
2026-07-12,FB-004,130
2026-07-12,HC-001,144
2026-07-12,PC-005,42
2026-07-12,SO-008,60
2026-07-13,FB-007,85
2026-07-13,HC-005,60
2026-07-13,HW-003,20
2026-07-13,PC-007,48
2026-07-13,PC-010,30
2026-07-13,SO-001,180
2026-07-13,SO-002,70
2026-07-14,HC-008,96
2026-07-14,HC-010,192
2026-07-14,PC-003,84
2026-07-15,FB-010,78
2026-07-15,HW-005,24
2026-07-15,PC-001,132
2026-07-16,HC-004,60
2026-07-16,HW-004,20
2026-07-17,HC-009,30
2026-07-17,SO-008,60
2026-07-18,FB-002,768
2026-07-18,HC-003,80
2026-07-18,HW-002,60
2026-07-18,PC-008,42
2026-07-18,SO-007,36
2026-07-19,FB-006,312
2026-07-19,FB-008,108
2026-07-19,HC-006,36
2026-07-19,HW-010,150
2026-07-19,PC-002,96
2026-07-19,PC-004,60
2026-07-19,SO-003,55
2026-07-19,SO-006,40
2026-07-20,FB-005,144
2026-07-20,HC-002,90
2026-07-20,HW-001,40
2026-07-20,PC-009,84
2026-07-21,FB-001,204
2026-07-21,SO-001,180
2026-07-21,SO-004,70
2026-07-21,SO-010,16
2026-07-22,FB-003,240
2026-07-22,HC-001,132
2026-07-23,FB-009,312
2026-07-23,HC-005,60
2026-07-23,PC-006,30
2026-07-24,FB-004,130
2026-07-24,FB-007,95
2026-07-24,HC-004,60
2026-07-24,HC-007,96
2026-07-24,SO-005,42
2026-07-25,PC-007,48
2026-07-25,PC-008,48
2026-07-26,HW-007,20
2026-07-26,PC-003,84
2026-07-26,PC-005,42
2026-07-27,FB-010,78
2026-07-27,HC-008,96
2026-07-27,SO-009,30
2026-07-28,HC-003,80
2026-07-28,HC-009,36
2026-07-28,HC-010,192
2026-07-28,HW-003,20
2026-07-28,SO-007,36
2026-07-29,FB-001,198
2026-07-29,FB-008,108
2026-07-29,HC-006,42
2026-07-29,PC-001,120
2026-07-29,SO-006,40
2026-07-30,HC-002,90
2026-07-30,SO-002,60
2026-07-31,FB-002,768
2026-07-31,FB-005,156
2026-07-31,HC-001,132
2026-07-31,SO-004,70
2026-08-01,HW-006,36
2026-08-01,PC-002,96
2026-08-01,SO-003,50
2026-08-02,HW-004,16
2026-08-02,PC-004,60
2026-08-03,FB-003,264
2026-08-03,FB-009,324
2026-08-03,HW-002,60
2026-08-03,PC-009,84
2026-08-04,FB-006,324
2026-08-05,HW-005,24
2026-08-05,HW-010,150
2026-08-05,PC-005,48
2026-08-05,SO-001,200
2026-08-06,HC-004,60
2026-08-06,HC-005,60
2026-08-06,PC-006,30
2026-08-06,PC-007,48
2026-08-06,SO-008,48
2026-08-07,FB-004,140
2026-08-07,FB-007,95
2026-08-07,HC-007,96
2026-08-07,HC-008,96
2026-08-08,FB-008,108
2026-08-08,HC-010,192
2026-08-08,HW-008,24
2026-08-09,SO-010,16
2026-08-10,FB-001,198
2026-08-10,FB-002,744
2026-08-10,FB-005,156
2026-08-10,HC-001,144
2026-08-10,HC-009,30
2026-08-10,PC-003,84
2026-08-10,PC-010,24
2026-08-10,SO-003,50
2026-08-10,SO-006,40
2026-08-11,PC-008,48
2026-08-11,SO-002,60
2026-08-11,SO-005,42
2026-08-12,HC-002,100
2026-08-12,SO-009,30
2026-08-13,FB-006,336
2026-08-13,FB-010,90
2026-08-13,HC-006,42
2026-08-13,HW-009,15
2026-08-13,PC-001,120
2026-08-13,PC-002,96
2026-08-13,PC-009,96
2026-08-14,HC-003,80
2026-08-14,SO-004,70
2026-08-15,FB-009,300
2026-08-16,FB-007,85
2026-08-16,SO-007,36
2026-08-17,FB-003,264
2026-08-17,HC-005,60
2026-08-17,HC-007,96
2026-08-17,HC-008,96
2026-08-17,HW-001,40
2026-08-17,SO-001,200
2026-08-18,FB-001,198
2026-08-18,HC-004,60
2026-08-18,PC-006,30
2026-08-18,PC-007,48
2026-08-19,HW-003,20
2026-08-19,PC-004,60
2026-08-19,SO-008,48
2026-08-20,FB-004,130
2026-08-20,HC-002,90
2026-08-20,HW-002,60
2026-08-20,PC-005,42
2026-08-21,FB-002,792
2026-08-21,HW-010,150
2026-08-22,FB-005,156
2026-08-22,FB-010,78
2026-08-22,HC-001,144
2026-08-22,HC-003,80
2026-08-22,HC-010,192
2026-08-22,PC-001,120
2026-08-22,PC-010,24
2026-08-23,FB-008,120
2026-08-23,PC-002,108
2026-08-23,PC-008,48
2026-08-24,SO-005,42
2026-08-25,FB-009,300
2026-08-25,HC-004,60
2026-08-25,SO-003,50
2026-08-26,FB-006,312
2026-08-26,HC-006,42
2026-08-26,PC-003,84
2026-08-26,PC-009,84
2026-08-27,FB-001,192
2026-08-27,HW-004,16
2026-08-28,HC-009,30
2026-08-28,PC-005,42
2026-08-28,SO-006,40
2026-08-29,HC-005,60
2026-08-29,SO-002,60
2026-08-30,FB-003,264
2026-08-30,FB-004,130
2026-08-30,FB-007,85
2026-08-30,HC-007,96
2026-08-30,HW-002,60
2026-08-30,PC-006,30
2026-08-31,FB-010,78
2026-08-31,HC-008,96
2026-08-31,SO-004,70
2026-08-31,SO-009,30
2026-09-01,HC-002,90
2026-09-01,PC-001,132
2026-09-01,PC-002,96
2026-09-01,PC-007,48
2026-09-02,FB-005,156
2026-09-02,HC-003,80
2026-09-02,HC-010,192
2026-09-02,PC-004,60
2026-09-02,PC-008,42
2026-09-03,FB-002,840
2026-09-03,FB-008,108
2026-09-03,HC-001,144
2026-09-03,HC-006,42
2026-09-03,SO-001,200
2026-09-04,FB-001,204
2026-09-04,PC-010,24
2026-09-04,SO-007,36
2026-09-05,FB-009,300
2026-09-05,HW-007,20
2026-09-05,SO-008,48
2026-09-05,SO-010,16
2026-09-06,FB-004,130
2026-09-06,FB-006,324
2026-09-07,PC-009,84
2026-09-08,FB-003,264
2026-09-08,PC-003,84
2026-09-08,PC-005,42
2026-09-08,SO-002,60
2026-09-09,HC-009,30
2026-09-09,HW-001,40
2026-09-09,HW-005,24
2026-09-10,FB-007,90
2026-09-10,HC-002,100
2026-09-10,HC-004,60
2026-09-10,SO-003,50
2026-09-11,HW-010,150
2026-09-11,PC-008,48
2026-09-12,HC-001,144
2026-09-12,HW-002,60
2026-09-12,PC-007,48
2026-09-13,FB-010,78
2026-09-13,HC-008,96
2026-09-13,HW-003,20
2026-09-14,FB-005,156
2026-09-14,HC-005,60
2026-09-14,HC-010,192
2026-09-14,PC-002,96
2026-09-14,PC-006,30
2026-09-14,PC-010,24
2026-09-15,FB-002,744
2026-09-15,FB-009,312
2026-09-15,HC-003,80
2026-09-15,HC-006,42
2026-09-15,HC-007,96
2026-09-15,HW-006,36
2026-09-16,FB-008,108
2026-09-16,PC-001,120
2026-09-16,SO-005,42
2026-09-17,HW-004,20
2026-09-17,PC-009,96
2026-09-18,SO-001,200
2026-09-18,SO-004,70
2026-09-18,SO-006,40
2026-09-18,SO-008,48
2026-09-19,FB-001,210
2026-09-19,FB-007,90
2026-09-19,HC-002,90
2026-09-19,PC-004,60
2026-09-19,PC-005,48
2026-09-20,FB-004,130
2026-09-20,FB-006,312
2026-09-20,HW-009,15
2026-09-21,FB-003,240
2026-09-21,HC-004,72
2026-09-21,SO-009,30
2026-09-22,FB-005,144
2026-09-22,HW-001,40
2026-09-23,HC-009,30
2026-09-23,HW-002,60
2026-09-23,PC-003,84
2026-09-24,FB-002,744
2026-09-24,HC-001,132
2026-09-24,PC-008,48
2026-09-24,SO-002,60
2026-09-24,SO-003,50
2026-09-25,FB-009,300
2026-09-25,PC-002,96
2026-09-26,FB-010,78
2026-09-26,HC-005,60
2026-09-26,HC-007,96
2026-09-26,HC-008,96
2026-09-26,PC-007,48
2026-09-27,HC-002,100
2026-09-28,FB-007,90
2026-09-28,FB-008,108
2026-09-28,HC-003,80
2026-09-28,HW-010,150
2026-09-28,PC-001,120
2026-09-28,PC-010,24
2026-09-29,HC-006,36
2026-09-29,PC-004,60
2026-09-29,PC-009,96
2026-09-30,FB-004,130
2026-09-30,PC-005,42
2026-09-30,PC-006,30
2026-09-30,SO-005,42
2026-09-30,SO-010,17
