date,sku,quantity,unit_price
2026-09-30,FB-006,35,69.30
2026-09-30,FB-007,8,288.75
2026-09-30,FB-008,5,35.70
2026-09-30,XX-404,29,71.40
2026-09-30,FB-010,6,162.75
2026-09-30,HC-001,17,57.20
2026-09-30,HC-002,10,119.60
2026-09-30,HC-003,11,43.68
2026-13-45,HC-004,7,64.48
2026-09-30,HC-005,5,101.92
2026-09-30,HC-006,1,85.28
2026-09-30,HC-007,6,29.12
2026-09-30,HC-008,10,64.48
2026-09-30,HC-009,1,140.40
2026-09-30,HW-001,many,89.25
2026-09-30,HW-002,1,288.75
2026-09-30,HW-003,1,102.90
2026-09-30,HW-004,4,719.25
2026-09-30,HW-005,1,50.40
2026-09-30,HW-008,1,131.25
2026-09-30,HW-010,5,16.80
2026-09-30,PC-001,2.5,52.00
2026-09-30,PC-002,3,32.00
2026-09-30,PC-003,7,68.00
2026-09-30,PC-004,2,38.00
2026-09-30,PC-005,8,95.00
2026-09-30,PC-006,3,135.00
2999-01-01,PC-007,5,38.00
2026-09-30,PC-008,7,79.00
2026-09-30,PC-009,4,49.00
2026-09-30,PC-010,4,120.00
2026-09-30,SO-001,11,30.00
2026-09-30,SO-002,4,90.00
2026-09-30,SO-003,2,cheap
2026-09-30,SO-004,6,72.00
2026-09-30,SO-005,1,85.00
2026-09-30,SO-006,2,95.00
2026-09-30,SO-007,2,45.00
2026-09-30,SO-008,1,35.00
2026-09-30,SO-009,4,78.00
